{
    "vertices":[0.395442,-1.37917,0.523148,1.11905,-0.826386,1.04887,0.119054,-0.826386,1.3738,-0.498984,-0.826382,0.523148,0.08819,-0.408928,1.08352,1.06849,-0.788218,0.64345,0.67183,0.068053,1.3738,-0.328165,0.068053,1.04887,0.324864,0.068053,0.460155,1.08482,-0.235712,0.600784,1.28987,0.068049,0.523148,0.395442,0.199712,0.999006,0.232987,-1.22982,1.02314,0.820765,-1.22982,0.832159,0.658311,-0.904904,1.33216,1.24609,-0.904902,0.523148,0.820765,-1.22982,0.214137,-0.130287,-1.22982,0.523148,-0.292747,-0.904903,1.02314,0.096144,-0.379166,0.71891,1.3465,-0.379166,1.04196,1.29594,-0.340999,0.500863,0.983228,-0.379166,0.449768,-0.555616,-0.379166,0.83216,-0.192343,-0.379166,1.33217,0.130136,-0.3354,0.454395,-0.555616,-0.379166,1.11444,0.856998,-0.419546,0.357926,1.08363,0.14657,1.13298,0.132573,0.146571,1.33216,0.197824,0.146569,0.523148,0.785603,-0.27455,0.189994,1.08363,0.14657,0.49377,0.557898,0.050366,1.499,0.921172,0.050364,1.10884,-0.02988,0.471488,0.832159,-0.02988,0.050366,0.689995,0.996557,0.050366,0.721462],
    "faces":[40,0,13,12,0,1,2,0,1,2,40,1,13,15,3,1,4,3,1,4,40,0,12,17,0,2,5,0,2,5,40,0,17,19,0,5,6,0,5,6,40,0,19,16,0,6,7,0,6,7,40,1,15,20,3,4,8,3,4,8,40,2,14,19,9,10,6,9,10,6,40,3,18,23,11,12,13,11,12,13,40,4,19,25,14,6,15,14,6,15,40,1,20,22,3,8,16,3,8,16,40,2,19,24,9,6,17,9,6,17,40,3,23,26,11,13,18,11,13,18,40,5,14,21,19,10,20,19,10,20,40,6,28,33,21,22,23,21,22,23,40,7,29,35,24,25,26,24,25,26,40,8,30,36,27,28,29,27,28,29,40,9,31,37,30,31,32,30,31,32,40,10,32,34,33,34,35,33,34,35,40,34,37,11,35,32,36,35,32,36,40,34,32,37,35,34,32,35,34,32,40,32,9,37,34,30,32,34,30,32,40,37,36,11,32,29,36,32,29,36,40,37,31,36,32,31,29,32,31,29,40,31,8,36,31,27,29,31,27,29,40,36,35,11,29,26,36,29,26,36,40,36,30,35,29,28,26,29,28,26,40,30,7,35,28,24,26,28,24,26,40,35,33,11,26,23,36,26,23,36,40,35,29,33,26,25,23,26,25,23,40,29,6,33,25,21,23,25,21,23,40,33,34,11,23,35,36,23,35,36,40,33,28,34,23,22,35,23,22,35,40,28,10,34,22,33,35,22,33,35,40,21,32,10,20,34,33,20,34,33,40,21,14,32,20,10,34,20,10,34,40,14,9,32,10,30,34,10,30,34,40,27,31,9,37,31,30,37,31,30,40,27,25,31,37,15,31,37,15,31,40,25,8,31,15,27,31,15,27,31,40,26,30,8,18,28,27,18,28,27,40,26,23,30,18,13,28,18,13,28,40,23,7,30,13,24,28,13,24,28,40,24,29,7,17,25,24,17,25,24,40,24,19,29,17,6,25,17,6,25,40,19,6,29,6,21,25,6,21,25,40,22,28,6,16,22,21,16,22,21,40,22,20,28,16,8,22,16,8,22,40,20,10,28,8,33,22,8,33,22,40,14,27,9,10,37,30,10,37,30,40,25,26,8,15,18,27,15,18,27,40,25,19,26,15,6,18,15,6,18,40,19,3,26,6,11,18,6,11,18,40,23,24,7,13,17,24,13,17,24,40,23,18,24,13,12,17,13,12,17,40,18,2,24,12,9,17,12,9,17,40,19,22,6,6,16,21,6,16,21,40,14,1,22,10,3,16,10,3,16,40,20,21,10,8,20,33,8,20,33,40,20,15,21,8,4,20,8,4,20,40,15,5,21,4,19,20,4,19,20,40,16,14,5,7,10,19,7,10,19,40,16,19,14,7,6,10,7,6,10,40,17,3,19,5,11,6,5,11,6,40,17,18,3,5,12,11,5,12,11,40,17,12,18,5,2,12,5,2,12,40,12,2,18,2,9,12,2,9,12,40,15,16,5,4,7,19,4,7,19,40,15,13,16,4,1,7,4,1,7,40,13,0,16,1,0,7,1,0,7,40,12,14,2,2,10,9,2,10,9,40,12,13,14,2,1,10,2,1,10,40,13,1,14,1,3,10,1,3,10],
    "metadata":{
        "vertices":38,
        "faces":72,
        "type":"Geometry",
        "uvs":1,
        "generator":"io_three",
        "normals":38,
        "version":3
    },
    "uvs":[[0.45874,0.351901,0.569152,0.365866,0.434183,0.443776,0.748599,0.308648,0.640113,0.248955,0.346041,0.397377,0.37587,0.413158,0.528995,0.346916,0.999912,0.056449,0.399275,0.531406,0.570224,0.480136,0.233121,0.496727,0.293082,0.510778,8.8e-05,0.768125,0.332307,8.8e-05,0.387548,0.724098,0.828889,8.8e-05,0.325463,0.579509,0.157876,0.577461,0.631867,0.278209,0.757518,0.24739,0.555591,0.505471,0.724389,0.2437,0.496002,0.469396,0.27107,0.687457,0.41605,0.549681,0.389078,0.630253,0.439659,0.570496,0.423299,0.642563,0.44524,0.583332,0.660717,0.500513,0.568769,0.632433,0.651987,0.373137,0.773727,0.294789,0.720973,0.35031,0.626413,0.356834,0.489484,0.528253,0.63173,0.611213]],
    "normals":[-0.187994,-0.867672,-0.460158,0.425306,-0.850642,0.309,-0.16245,-0.850642,0.499985,0.601154,-0.073794,0.795709,0.744499,-0.26783,-0.611499,-0.417615,-0.660207,-0.624226,0.646107,-0.742241,-0.177709,0.298166,-0.287027,-0.910306,0.498154,-0.069857,0.864223,-0.05649,-0.028596,0.997986,0.494888,0.088656,0.864406,-0.766778,-0.057222,-0.639332,-0.688162,-0.525712,0.499985,0.142644,-0.750908,0.644795,0.617023,-0.785272,-0.05063,-0.566149,-0.041505,-0.823237,-0.332896,-0.442274,0.832789,-0.155614,0.012391,0.987732,0.45024,-0.068514,-0.890255,-0.657033,0.449507,-0.605152,0.411328,-0.151402,-0.898801,0.147374,-0.958708,0.24311,0.016999,0.637684,0.770074,0.97943,-0.189367,-0.069216,-0.821284,0.531938,0.206091,-0.141606,0.228278,0.963225,-0.197577,0.893246,-0.403729,0.121189,0.992615,-0.004517,-0.422132,0.719413,0.55153,0.844508,0.534989,0.022919,0.997314,0.015992,-0.071322,0.217902,0.021424,-0.975707,-0.551775,0.70452,-0.446211,0.689291,0.549272,-0.472335,-0.351787,0.694998,-0.627033,-0.146489,0.979339,-0.139409,0.336741,0.922117,-0.190374,0.58446,-0.609302,-0.535783],
    "name":"IcosphereGeometry.1"
}